{"EX_cl_e": 0.016447785134853243, "EX_pyr_e": 10.0, "EX_so4_e": 0.010557173971642781, "EX_mg2_e": 0.023991908100634878, "EX_co2_e": 0.13166473758769873, "EX_ser__L_e": 10.0, "EX_glc__D_e": 10.0, "EX_arg__L_e": 10.0, "EX_thm_e": 0.0011411777972255722, "EX_na1_e": 5.090522931794308, "EX_phe__L_e": 10.0, "EX_mn2_e": 0.010614197937497382, "EX_mobd_e": 1.7910862288293614e-05, "EX_trp__L_e": 0.03925018692530497, "EX_o2_e": 20.0, "EX_cys__L_e": 10.0, "EX_lys__L_e": 0.9223436956285925, "EX_leu__L_e": 0.8034579716308596, "EX_nac_e": 7.953461359821613, "EX_orn_e": 10.0, "EX_pi_e": 5.519506278294172, "EX_k_e": 0.47512400263709553, "EX_his__L_e": 0.1541538579498835, "EX_ribflv_e": 0.0007637848411345633, "EX_urea_e": 10.0, "EX_zn2_e": 0.008915031973978057, "EX_fe2_e": 0.037761215092602184, "EX_glu__L_e": 10.0, "EX_val__L_e": 10.0, "EX_h2o_e": 10.0}