{"EX_k_e": 0.47512400261618165, "EX_leu__L_e": 0.8034579715954936, "EX_thr__L_e": 0.06937020546125328, "EX_fe2_e": 0.037761215092876554, "EX_arg__L_e": 10.0, "EX_so4_e": 0.010557173971642877, "EX_fum_e": 10.0, "EX_cys__L_e": 10.0, "EX_26dap__M_e": 0.02734480105817464, "EX_nac_e": 7.953051307191044, "EX_thm_e": 0.001141177797225575, "EX_ni2_e": 0.010022613010017957, "EX_cobalt2_e": 0.009981830860061647, "EX_mn2_e": 0.010707719788924139, "EX_na1_e": 5.090522931794354, "EX_trp__L_e": 0.03925018692530509, "EX_glc__D_e": 10.0, "EX_cu2_e": 0.009257250408242637, "EX_ca2_e": 0.014677908938624291, "EX_lys__L_e": 0.9223436956285822, "EX_pi_e": 5.519506278294781, "EX_val__L_e": 10.0, "EX_ribflv_e": 0.0007637848411345721, "EX_h2o_e": 10.0, "EX_co2_e": 0.21226941455991016, "EX_pro__L_e": 0.06044704997960759, "EX_gly_e": 10.0, "EX_his__L_e": 0.15415385138287618, "EX_met__L_e": 0.04208610986094591, "EX_phe__L_e": 10.0, "EX_cl_e": 0.016592706807384002, "EX_zn2_e": 0.008993582449543406, "EX_orn_e": 10.0, "EX_ala__L_e": 10.0, "EX_glu__L_e": 10.0, "EX_ile__L_e": 0.07944457706685171, "EX_mg2_e": 0.024203301149647583, "EX_o2_e": 20.0, "EX_4abz_e": 0.00018293671908057858}