{"EX_glc__D_e": 1.0318638518274184, "EX_leu__L_e": 0.012319680565634296, "EX_4abz_e": 1.8293671908058064e-05, "EX_cl_e": 0.0016592706807384199, "EX_pi_e": 0.02413552445825487, "EX_ribflv_e": 1.2195781272039218e-05, "EX_thr__L_e": 0.06937020546125328, "EX_arg__L_e": 0.01641639734034607, "EX_lys__L_e": 0.009383669275995717, "EX_k_e": 0.0015045698519940568, "EX_pro__L_e": 0.006044704997960831, "EX_ca2_e": 0.0014677908938624466, "EX_mg2_e": 0.002420330114964787, "EX_mn2_e": 0.0010707719788924266, "EX_cobalt2_e": 0.0009981830860061765, "EX_zn2_e": 0.0008993582449543512, "EX_cu2_e": 0.0009257250408242729, "EX_o2_e": 0.012362108157743766, "EX_glu__L_e": 0.0171448894707944, "EX_fe2_e": 0.002106764202496879, "EX_his__L_e": 0.0025905917626690765, "EX_ile__L_e": 0.007944457706690944, "EX_met__L_e": 0.00420861098609464, "EX_so4_e": 0.0006123728011132227, "EX_trp__L_e": 0.001554360526561657, "EX_val__L_e": 0.10943678019990612, "EX_thm_e": 6.097890636019375e-06, "EX_cys__L_e": 0.021831127115092087, "EX_phe__L_e": 0.008836773254828073, "EX_na1_e": 0.002558795648856826, "EX_ni2_e": 0.0010022613010018026, "EX_nac_e": 0.00033627523151468636, "EX_26dap__M_e": 0.0027344801058382866}