{"EX_k_e": 0.0475124002615808, "EX_cl_e": 0.0012670655721651579, "EX_cys__L_e": 0.05492891515307383, "EX_mg2_e": 0.0021116906637881757, "EX_mn2_e": 0.0001683621055098291, "EX_mobd_e": 1.791086228827969e-06, "EX_na1_e": 0.509052293179035, "EX_fe2_e": 0.003776121509291881, "EX_nac_e": 2.162455165059336e-05, "EX_o2_e": 15.182832146581202, "EX_pyr_e": 10.0, "EX_so4_e": 0.0010557173971634576, "EX_trp__L_e": 3.0994293942291985e-17, "EX_thm_e": 0.00011411777972246776, "EX_zn2_e": 8.290170544860887e-05}