{"EX_ala__L_e": 10.0, "EX_na1_e": 10, "EX_lys__L_e": 10, "EX_phe__L_e": 10, "EX_pro__L_e": 0.06044704997960771, "EX_glu__L_e": 10, "EX_tyr__L_e": 10, "EX_h_e": 10, "EX_leu__L_e": 10, "EX_glyclt_e": 10, "EX_cu2_e": 0.009257250408242637, "EX_fe2_e": 10, "EX_o2_e": 10, "EX_ile__L_e": 10, "EX_co2_e": 10, "EX_arg__L_e": 10, "EX_cys__L_e": 10, "EX_thm_e": 10, "EX_so4_e": 10, "EX_orn_e": 10, "EX_nh4_e": 10, "EX_4abz_e": 0.00018293671908059108, "EX_ribflv_e": 10, "EX_gly_e": 10.0, "EX_mg2_e": 10, "EX_zn2_e": 10, "EX_glc__D_e": 10, "EX_pi_e": 10, "EX_trp__L_e": 10, "EX_ca2_e": 0.01467790893862432, "EX_nac_e": 10, "EX_fum_e": 10.0, "EX_thr__L_e": 0.06937020546135564, "EX_k_e": 10, "EX_mn2_e": 10, "EX_val__L_e": 10, "EX_ni2_e": 0.010022613010017837, "EX_his__L_e": 10, "EX_met__L_e": 10, "EX_h2o_e": 10, "EX_cobalt2_e": 0.009981830860061667, "EX_acald_e": 10, "EX_26dap__M_e": 0.027344801057605284, "EX_cl_e": 10}